{"cameraMode":{"drawMode":0,"name":"Shaded","section":"Shading Mode"},"sceneLighting":false,"audioPlay":false,"sceneViewState":{"showFog":true,"showMaterialUpdate":false,"showSkybox":false,"showFlares":true,"showImageEffects":true,"showParticleSystems":true},"in2DMode":false,"pivot":{"x":-8.539999008178711,"y":4.5199995040893559,"z":-2.129998207092285},"rotation":{"x":-0.012839896604418755,"y":0.9786093235015869,"z":-0.19512507319450379,"w":-0.06438634544610977},"size":11.98554801940918,"orthographic":false}