{"cameraMode":{"drawMode":0,"name":"Shaded","section":"Shading Mode"},"sceneLighting":false,"audioPlay":false,"sceneViewState":{"showFog":true,"showMaterialUpdate":false,"showSkybox":true,"showFlares":true,"showImageEffects":true,"showParticleSystems":true},"in2DMode":false,"pivot":{"x":-158.61842346191407,"y":-1.3824844360351563,"z":-0.645477294921875},"rotation":{"x":-0.315075159072876,"y":0.011769454926252365,"z":-0.003950291313230991,"w":-0.949176549911499},"size":52.33420944213867,"orthographic":false}