{"cameraMode":{"drawMode":0,"name":"Shaded","section":"Shading Mode"},"sceneLighting":false,"audioPlay":false,"sceneViewState":{"showFog":true,"showMaterialUpdate":false,"showSkybox":false,"showFlares":true,"showImageEffects":true,"showParticleSystems":true},"in2DMode":false,"pivot":{"x":0.710915744304657,"y":-0.12064570188522339,"z":14.776354789733887},"rotation":{"x":-0.4865041673183441,"y":-0.00232087098993361,"z":0.0011557693360373378,"w":-0.8738506436347961},"size":7.550801753997803,"orthographic":false}