{"cameraMode":{"drawMode":0,"name":"Shaded","section":"Shading Mode"},"sceneLighting":false,"audioPlay":false,"sceneViewState":{"showFog":true,"showMaterialUpdate":false,"showSkybox":false,"showFlares":true,"showImageEffects":true,"showParticleSystems":true},"in2DMode":false,"pivot":{"x":5.2655720710754398,"y":-4.070287227630615,"z":-2.133643865585327},"rotation":{"x":-0.318015992641449,"y":0.5943645238876343,"z":-0.2759222984313965,"w":-0.6854267120361328},"size":11.063992500305176,"orthographic":false}